{
    "contacts" : [
        {
            "id" : "1",
            "name" : "gtrerd",
            "email" : "123@gmail.com"
        },
        {
            "id" : "2",
            "name" : "ijil",
            "email" : "yry@gmail.com"
        },
        {
            "id" : "3",
            "name" : "ygkjyk",
            "email" : "ryry@gmail.com"
        },
        {
            "id" : "4",
            "name" : "sgffh",
            "email" : "ilik@gmail.com"
        },
        {
            "id" : "5",
            "name" : "khukyu",
            "email" : "123@gmail.com"
        },
        {
            "id" : "6",
            "name" : "hgkhgk",
            "email" : "123@gmail.com"
        },
        {
            "id" : "7",
            "name" : "hkhuk",
            "email" : "123@gmail.com"
        },
        {
            "id" : "8",
            "name" : "hghg",
            "email" : "123@gmail.com"
        }
    ]
}